claim_id,claim,maturity,paper_support,proof_or_reduction,assumptions,finite_evidence,table_or_figure,raw_result,fresh_recheck
C01,A sound public blame subject must belong to every legitimate blame set in its observation fibre,proved_in_declared_model,Theorem 2.1,Direct necessity and sufficiency proof,Fixed admissible history set and public projection,Equal-view negative controls,Figure 1,results/pilot/negative-controls.json,Proof reread after bridge integration
C02,Statistically close withholding and honest observations force epsilon+delta >= 1-tau,proved_in_declared_model,Lemma 2.2,Variational bound for total variation,Public randomized test only,Exact equal-view pairs use tau=0,Figure 1,results/pilot/negative-controls.json,No failed control
C03,Prior acceptance does not make a censorable missing opening attributable,proved_in_declared_model; finite_checked,Theorem 3.1,Coupled corrupt-withholding and honest-suppression histories,Transport may suppress without transferable evidence,Ten exact equal-observation pairs; weak judge makes ten false accusations,Figure 1,results/pilot/negative-controls.json,Both production rules issue no omission certificate in censorable cases
C04,E+rho+kappa+Delta <= D is sufficient and sharp in the independent-delay model,proved_in_declared_model; exhaustive_finite_checked,Theorem 3.2,Upper-bound sum and maximum-delay counterexample,Independent attainable delay bounds; inclusive deadline,1008 timing histories,Table 4,results/pilot/timing.json,Exact oracle agrees
C05,Ideal malformed-opening and bounded-service non-opening rules are sound non-frameable and in-class complete,proved_conditionally; finite_checked,Theorem 4.1,Authenticated-record resolution; honest predicate; timing contradiction,Immutable receipts; complete closure; fixed context; service contract,84 histories; 30 certificates; 485 invalid mutations; 410 probes; 925 comparisons,Tables 2 and 4,results/pilot/outcomes.json,No failed expected property
C06,A matching exponent tag alone does not bind an unobserved private scalar payload,proved_in_declared_model; finite_negative_control,Proposition 4.2,Two histories differ only in hidden payload,Payload absent from public observation,416 tag-only compiler controls produce no certificate,Table 3,results/pilot/compiler-outcomes.json,Both generic checkers reject attribution
C07,The tag-bound compiler has conditional evidence soundness non-frameability and in-class completeness,proved_relative_to_interfaces; finite_checked,Theorem 5.2,Signature/key/proof/hash/setup/board/service bad-event reduction,Honest base correctness; correct encryption; real-setup NIZK completeness/soundness; validated setup; fixed registry; board/service assumptions,3328 cases; 1248 certificates; 15392 invalid mutations; 9984 probes; 26624 comparisons,Figure 2; Table 3,results/pilot/compiler-outcomes.json,No failed expected property
C08,Signed records and proof statements are cross-context separated absent forgery or context collision,proved_conditionally; finite_checked,Lemma 5.1,Canonical signed-string comparison,Signature covers full context; collision-resistant context digest,Foreign-context and digest mutations in generic and concrete campaigns,Tables 3 and 6,results/pilot/compiler-mutations.jsonl; results/pilot/schnorr-mutations.jsonl,All specified mutations rejected
C09,The compiled public view preserves a base simulation up to explicit attribution leakage,proved_relative_to_interfaces,Theorem 5.3,Simulated-setup and proof hybrids; IND-CPA ciphertext hybrid; imported base simulator,Static corruption; indistinguishable simulated setup; statement simulation; multi-theorem ZK; simulation soundness when needed; IND-CPA; explicit leakage; honest simulation state,No cryptographic indistinguishability experiment claimed,None,proofs/compiler.md,Proof scope and adaptive caveat reread
C10,Fixed public postprocessing preserves an existing transcript simulation,proved_conditionally,Lemma 6.1,One-sample distinguisher composition,Extractor has only simulated public transcript and public coins,Not separately empirical,None,proofs/boundaries.md,No claim that it creates a missing simulator
C11,Linear scalar disclosure is characterized by row-space inclusion and rank increase,proved_in_declared_model; finite_checked,Theorem 6.2; Corollaries 6.3 and 6.4,Affine-kernel and image-size proof,Uniform coefficient vector; fixed or conditioned linear observations,64 comparisons; 85184 evaluations; 45124 cells,Table 4,results/pilot/disclosure.json,Direct enumeration agrees
C12,Three scalar openings reconstruct the constant in the running example,exact_example; finite_checked,Section 6.5,Explicit modular interpolation,F_11 degree-two polynomial,Shares and target enumerated,None,results/pilot/disclosure.json,Applies only to scalar-revealing mechanisms
C13,Tiny exponent lookup is not evidence of computational hiding,proved_elementary_boundary; finite_negative_control,Section 6.6,Injectivity and exhaustive lookup in order-11 group,Toy group only,All 11 scalars recovered,None,results/pilot/exponents.json,No cryptographic privacy claim
C14,"For witnesses satisfying the exact bounded Paillier/tag relation, the displayed toy transcript satisfies both verification equations",proved_algebraically; finite_checked,Proposition 8.1,Direct substitution into both verification equations; no soundness or zero-knowledge inference,Canonical 0 <= z < q < N witness; rho in Z_N^*; honest transcript generation,"8320 decryption, subgroup, aggregate-challenge, response, and honest proof-equation checks",Table 6,results/pilot/schnorr-outcomes.json,All honest arithmetic checks pass; claim expressly excludes context-binding soundness
C14N,The executable 251-value Fiat--Shamir equality transcript is not a sound proof system for the exact bounded relation,finite_negative_control; explicit_nonclaim,Section 8.1 deliberate false-statement control,Construct commitments from chosen challenge/responses and search for a hash fixed point,Owned toy parameters and deterministic 251-value challenge function only; no statement about a production NIZK,False relation Enc(17) versus g^18 accepted after 617 challenge evaluations; 620 counted obligations,Section 8.3; Table 6 context,results/pilot/binding-negative-control.json,Private toy decryption says false; producer and replay equation verifiers both accept
C15,The eVRF-driven Schnorr partial response uses the common challenge from the full public nonce-tag vector and has public scalar-free relation Z_i = R_i X_i^(c lambda_i),proved_algebraically; finite_checked,Equation 6; Section 8.1,Exponentiation of z_i = r_i + c lambda_i x_i,Prime-order group; fixed roster/context; complete public nonce-tag vector; imported valid eVRF verification result,4160 concrete cases include exact common-challenge/response checks or expected failure,Table 6,results/pilot/schnorr-cases.jsonl,Both judges independently recompute the aggregate nonce and common challenge; attacker-selected-challenge family rejected
C16,The specialized static judge has relative evidence soundness non-frameability in-class completeness and public-view privacy,proved_relative_to_interfaces; finite_checked,Theorem 8.2,Instantiation of Theorems 5.2 and 5.3 with the Schnorr and Paillier relations,Fixed registered keys/roster; unforgeable signatures; correct honest and sound invalid eVRF verification; complete and sound real-setup NIZK for exact bounded relation; simulated-setup privacy interface; IND-CPA; imported simulator; board/service assumptions,4160 cases; 9568 mutations; 13728 producer/replay comparisons; toy proof not used,Table 6,results/pilot/schnorr-outcomes.json,"Relative proof reread after common-challenge, setup/privacy-interface, and exact-relation repair; adaptive security and toy-proof soundness excluded"
C17,The complete deterministic campaign passes within declared bounds,measured; finite_checked,Section 7; PILOT-SPEC.md,Bounded local execution,One worker; Python standard library; toy arithmetic and imported eVRF bit,215497 obligations; 5.829 CPU s; 5.838 wall s; 134304 KiB peak RSS; 503 malformed setups through 1380 API calls,Tables 2-6,results/pilot/outcomes.json; results/pilot/measurements.json,53 tests pass; 21 deterministic files reproduced byte for byte; setup audit has zero exceptions/unsafe results
C18,The retained toy signed/hash encoders agree on canonical JSON bytes and fail closed on specified non-JSON or malformed-Unicode inputs,finite_checked; implementation_boundary,Section 7 compiler campaign encoding paragraph,Cross-implementation fixed vectors and refusal cases,Python JSON data model; toy transcript wire format only; not a production serialization standard,8 valid vectors; 7 invalid vectors; 1 frozen digest; 31 counted checks; 503 malformed setups and 1380 public API calls,None,results/pilot/schema-audit.json,Both encoders agree; all declared malformed setup calls fail closed without exception or accusation
U01,The bridge is an end-to-end production instantiation of the Boneh-Haitner-Lindell-Segev eVRF,not_established_do_not_claim,Sections 8-9,Static Schnorr relation only; eVRF verifier and simulator are imported,Selected construction proof and simulator must be integrated with production parameters,Imported eVRF verification bit; no production eVRF code,None,proofs/schnorr-bridge.md,External-use hold
U02,A concrete board realizes complete closures and worst-case delivery bounds,not_established_do_not_claim,Sections 5 8 and 9,Ideal interface only,Consensus/ledger receipts closure and timing realization required,No live network test,None,proofs/compiler.md,External-use hold
U03,The construction is first optimal or complete relative to all closest work,not_established_do_not_claim,Related work; CURRENT-STATE.md,No universal novelty or lower-bound comparison,Complete theorem-level comparison and human review required,72 references cited; bibliography breadth is not a novelty proof,None,external_resources.csv,External-use hold
U04,The specialization is secure under fully adaptive corruption,not_established_do_not_claim,Section 8.3,Static model explicitly retained,Adaptive eVRF PRF-to-random commitment and simulator obligations required,No adaptive-corruption campaign,None,proofs/schnorr-bridge.md,Excluded from theorem
